Day of week,Date,distance,pace,time,pace
Monday,10/6/2008,0.94,16:04,15:14,0:16:04
Friday,10/31/2008,3.133,13:10,41:18,0:13:10
Sunday,11/2/2008,2.43,15:26,37:33,0:15:26
Friday,1/9/2009,2.74,14:38,40:13,0:14:38
Tuesday,1/13/2009,3,12:29,37:34,0:12:29
Thursday,1/22/2009,3.3,11:38,38:27,0:11:38
Monday,2/2/2009,3.17,13:27,42:41,0:13:27
Monday,2/9/2009,3.47,11:24,39:37,0:11:24
Friday,2/13/2009,3.21,12:28,38:12,0:12:28
Monday,2/16/2009,3.22,12:02,38:49,0:12:02
Friday,2/20/2009,3.03,11:40,35:25,0:11:40
Monday,2/23/2009,2.02,12:05,24:31,0:12:05
Thursday,2/26/2009,3.03,11:26,34:41,0:11:26
Thursday,3/5/2009,2.76,10:55,30:14,0:10:55
Monday,3/9/2009,3.24,12:21,40:03,0:12:21
Friday,3/13/2009,2.91,10:23,30:14,0:10:23
Sunday,3/22/2009,3.83,12:49,49:10,0:12:49
Tuesday,3/24/2009,3,10:28,31:31,0:10:28
Friday,4/10/2009,2.88,10:34,30:25,0:10:34
Monday,4/13/2009,3.22,10:36,34:06,0:10:36
Thursday,4/16/2009,3.55,10:29,37:14,0:10:29
Saturday,4/18/2009,3.05,10:49,33:03,0:10:49
Saturday,4/25/2009,3,10:46,32:24,0:10:46
Tuesday,4/28/2009,3.02,10:48,32:42,0:10:48
Friday,5/8/2009,3.15,10:40,33:37,0:10:40
Monday,5/11/2009,3.66,10:24,38:08,0:10:24
Thursday,5/14/2009,4.09,10:42,43:48,0:10:42
Sunday,5/17/2009,3.16,10:26,33:00,0:10:26
Tuesday,5/19/2009,3.51,10:30,36:54,0:10:30
Saturday,5/23/2009,5.01,10:56,34:55,0:10:56
Monday,5/25/2009,3.22,10:51,34:55,0:10:51
Thursday,5/28/2009,3.58,10:29,37:35,0:10:29
Thursday,6/4/2009,4.05,10:02,40:43,0:10:02
Saturday,6/6/2009,3.18,10:42,34:01,0:10:42
Monday,6/8/2009,3.53,10:23,36:46,0:10:23
Wednesday,6/10/2009,4,10:17,41:11,0:10:17
Friday,6/12/2009,4.01,10:21,41:31,0:10:21
Monday,6/15/2009,4.01,10:40,42:51,0:10:41
Wednesday,6/17/2009,5.46,10:37,58:05,0:10:37
Friday,6/19/2009,4,10:24,41:38,0:10:24
Monday,6/22/2009,3.59,10:30,37:45,0:10:30
Wednesday,6/24/2009,2.92,9:18,27:10,0:09:18
Thursday,6/25/2009,4.48,10:11,45:39,0:10:11
Saturday,6/27/2009,3.99,10:27,41:46,0:10:27
Monday,6/29/2009,4.06,10:15,41:36,0:10:15
Thursday,7/2/2009,3.5,10:09,35:31,0:10:09
Saturday,7/4/2009,4.69,10:28,49:11,0:10:28
Monday,7/6/2009,3.5,10:14,35:51,0:10:14
Thursday,7/9/2009,4.04,10:21,41:54,0:10:21
Saturday,7/11/2009,4.83,10:40,51:35,0:10:40
Tuesday,7/14/2009,4.16,10:19,42:54,0:10:19
Thursday,7/16/2009,3.63,10:38,38:36,0:10:38
Saturday,7/18/2009,4.84,10:30,50:48,0:10:30
Wednesday,7/22/2009,3.67,10:37,38:57,0:10:37
Friday,7/24/2009,4.04,10:03,40:38,0:10:03
Monday,7/27/2009,3.55,10:13,36:20,0:10:13
Friday,7/31/2009,3.66,10:24,38:05,0:10:24
Monday,8/3/2009,3.47,10:41,37:11,0:10:41
Friday,8/7/2009,3.89,10:06,39:18,0:10:06
Sunday,8/9/2009,3.96,10:29,41:31,0:10:29
Tuesday,8/11/2009,3.55,10:32,37:28,0:10:32
Friday,8/14/2009,4.83,10:34,51:05,0:10:34
Wednesday,8/19/2009,3.62,10:37,38:28,0:10:37
Saturday,8/22/2009,3.18,9:56,31:37,0:09:56
Wednesday,8/26/2009,6.01,10:20,1:02:10,0:10:20
Sunday,8/30/2009,5,10:43,53:39,0:10:43
Sunday,9/6/2009,5.21,10:20,53:53,0:10:20
Thursday,9/10/2009,3.57,9:26,33:40,0:09:26
Tuesday,9/22/2009,6,9:50,59:04,0:09:50
Saturday,9/26/2009,6.01,9:55,59:34,0:09:55
Wednesday,9/30/2009,4.11,9:44,40:03,0:09:44
Saturday,10/3/2009,5.88,10:11,59:57,0:10:11
Tuesday,10/6/2009,3.98,9:56,39:35,0:09:56
Sunday,10/11/2009,5.96,10:19,1:01:31,0:10:19
Wednesday,10/14/2009,4.05,9:37,38:57,0:09:37
Sunday,10/18/2009,5.72,10:12,58:24,0:10:12
Wednesday,10/21/2009,3.92,9:46,38:17,0:09:46
Sunday,10/25/2009,6.57,10:21,1:08:02,0:10:21
Friday,10/30/2009,5.64,10:09,57:21,0:10:09
Friday,1/1/2010,3,9:53,29:39,0:09:53
Thursday,1/7/2010,4.08,9:36,39:15,0:09:36
Wednesday,1/13/2010,4.09,9:34,39:11,0:09:34
Thursday,1/21/2010,3.62,9:36,34:46,0:09:36
Thursday,1/28/2010,6.03,10:05,1:00:51,0:10:05
Tuesday,2/9/2010,3.1,9:44,30:15,0:09:44
Thursday,2/18/2010,6.06,9:57,1:00:21,0:09:57
Saturday,2/27/2010,6.19,9:58,1:01:46,0:09:58
Sunday,3/7/2010,6.06,10:20,1:02:37,0:10:20
Wednesday,3/10/2010,10,10:25,1:44:14,0:10:25
Thursday,3/18/2010,2.98,9:58,29:45,0:09:58
Sunday,3/21/2010,5.92,10:29,1:02:02,0:10:29
Sunday,3/28/2010,5.99,9:54,59:19,0:09:54
Wednesday,3/31/2010,3.02,8:54,26:56,0:08:54
Saturday,4/3/2010,6,9:03,54:18,0:09:03
Sunday,4/11/2010,6.2,9:48,1:00:48,0:09:48
Wednesday,4/14/2010,3.17,8:43,27:39,0:08:43
Sunday,4/18/2010,6.21,9:20,58:01,0:09:20
Saturday,4/24/2010,6.11,9:00,55:02,0:09:00
Saturday,5/1/2010,3,9:11,27:34,0:09:11
Tuesday,5/4/2010,5.16,8:56,46:08,0:08:56
Friday,5/7/2010,6.01,9:23,56:27,0:09:23
Tuesday,5/11/2010,3.71,8:31,31:38,0:08:31
Sunday,5/16/2010,6.81,9:15,1:03:02,0:09:15
Wednesday,5/19/2010,3.71,9:01,33:26,0:09:01
Thursday,5/27/2010,4.35,8:49,38:22,0:08:49
Monday,5/31/2010,6.24,9:22,58:28,0:09:22
Thursday,6/3/2010,3,9:42,29:07,0:09:42
Saturday,6/5/2010,10,9:40,1:36:38,0:09:40
Wednesday,6/9/2010,3.16,8:22,26:28,0:08:22
Sunday,6/13/2010,6,9:35,57:33,0:09:35
Friday,6/18/2010,6.09,9:34,58:19,0:09:34
Monday,6/21/2010,3.77,9:19,35:13,0:09:19
Sunday,6/27/2010,6.77,9:43,1:05:46,0:09:43
Sunday,7/4/2010,5.43,9:29,51:32,0:09:29
Saturday,7/17/2010,7.08,9:39,1:08:20,0:09:39
Friday,7/30/2010,6.96,9:51,1:08:31,0:09:51
Friday,8/6/2010,7.04,9:24,1:06:11,0:09:24
Sunday,8/8/2010,3.96,9:22,37:10,0:09:22
Wednesday,8/18/2010,3.5,9:01,31:32,0:09:01
Sunday,8/29/2010,3.29,10:04,33:09,0:10:04
Friday,9/3/2010,6.56,10:17,1:07:30,0:10:17
Monday,9/6/2010,6.57,9:51,1:04:41,0:09:51
Thursday,9/9/2010,3.01,8:50,26:35,0:08:50
Sunday,9/12/2010,7.05,9:56,1:10:09,0:09:56
Wednesday,9/15/2010,2.93,9:11,26:57,0:09:11
Sunday,9/19/2010,13.1,9:34,2:05:16,0:09:34
Friday,9/24/2010,6.66,9:47,1:05:10,0:09:47
Sunday,9/26/2010,3.62,8:46,31:46,0:08:46
Saturday,10/2/2010,6.75,9:49,1:06:20,0:09:49
Sunday,10/17/2010,6.69,9:56,1:06:32,0:09:56
Sunday,10/24/2010,6.63,9:39,1:04:04,0:09:39
Sunday,10/31/2010,6.78,9:27,1:04:09,0:09:27
Wednesday,11/3/2010,3.71,9:09,33:56,0:09:09
Sunday,11/7/2010,6.67,9:45,1:05:04,0:09:45
Saturday,11/13/2010,6.74,10:07,1:08:15,0:10:07
Sunday,11/21/2010,6.74,9:26,1:03:40,0:09:26
Friday,12/3/2010,3.65,9:23,34:15,0:09:23
Sunday,12/12/2010,6.49,10:14,1:06:28,0:10:14
Sunday,12/19/2010,5.06,10:09,51:19,0:10:09
Saturday,12/25/2010,6.51,9:37,1:02:40,0:09:37
Saturday,1/1/2011,6.56,10:24,1:08:18,0:10:24
Friday,1/14/2011,6.52,9:49,1:04:06,0:09:49
Sunday,1/30/2011,6.51,9:22,1:00:58,0:09:22
Sunday,2/13/2011,6.56,9:26,1:01:54,0:09:26
Sunday,2/20/2011,6.52,9:39,1:02:52,0:09:39
Sunday,2/27/2011,6.56,9:24,1:01:39,0:09:24
Sunday,3/6/2011,6.68,10:02,1:07:03,0:10:02
Sunday,3/13/2011,6.54,9:47,1:04:01,0:09:47
Sunday,3/20/2011,6.56,9:20,1:01:19,0:09:20
Sunday,3/27/2011,6.52,9:04,59:05,0:09:04
Sunday,4/3/2011,9.36,9:35,1:29:41,0:09:35
Sunday,4/10/2011,6.49,9:19,1:00:31,0:09:19
Sunday,4/17/2011,6.58,9:20,1:01:25,0:09:20
Sunday,4/24/2011,6.55,9:12,1:00:16,0:09:12
Sunday,5/1/2011,6.56,9:27,1:02:02,0:09:27
Sunday,5/8/2011,6.53,9:25,1:01:36,0:09:25
Wednesday,5/11/2011,3.65,9:12,33:40,0:09:12
Sunday,5/15/2011,6.58,9:17,1:01:08,0:09:17
Sunday,5/22/2011,6.58,9:26,1:02:09,0:09:26
Friday,5/27/2011,6.02,9:26,56:51,0:09:26
Sunday,6/5/2011,6.51,9:18,1:00:31,0:09:18
Sunday,6/12/2011,6.47,9:40,1:02:40,0:09:40
Sunday,6/19/2011,6.53,9:50,1:04:12,0:09:50
Sunday,6/26/2011,6.58,9:29,1:02:26,0:09:29
Sunday,7/10/2011,6.54,9:15,1:00:35,0:09:15
Sunday,8/7/2011,6,9:51,59:14,0:09:51
Tuesday,8/16/2011,3.61,9:04,32:48,0:09:04
Sunday,8/21/2011,6.52,9:38,1:02:47,0:09:38
Friday,8/26/2011,6.04,8:53,53:43,0:08:53
Sunday,8/28/2011,6.55,9:10,1:00:04,0:09:10
Sunday,9/4/2011,5.1,9:19,47:33,0:09:19
Sunday,9/11/2011,5.13,8:41,44:33,0:08:41
Sunday,9/18/2011,5.1,8:19,42:27,0:08:19
Sunday,9/25/2011,5.1,8:44,44:33,0:08:44
Sunday,10/2/2011,5.28,8:31,44:59,0:08:31
Sunday,10/9/2011,5.12,8:22,42:51,0:08:22
Sunday,10/16/2011,5.04,8:49,44:25,0:08:49
Sunday,10/23/2011,5.18,8:22,43:20,0:08:22
Sunday,11/6/2011,5.19,8:22,43:26,0:08:22
Sunday,11/13/2011,5,8:29,42:30,0:08:29
Sunday,11/20/2011,5.19,8:23,43:37,0:08:23
Friday,11/25/2011,5.19,8:41,45:07,0:08:41
Sunday,11/27/2011,5.17,8:10,42:14,0:08:10
Sunday,12/4/2011,5.01,8:46,43:55,0:08:46
Sunday,12/11/2011,5.07,8:12,41:39,0:08:12
Sunday,12/18/2011,5.21,8:18,43:17,0:08:18
Friday,12/30/2011,5,8:03,40.19,0:08:03
Monday,1/2/2012,5.17,8:26,43:36,0:08:26
Sunday,1/8/2012,5.07,8:31,43:14,0:08:31
Sunday,1/15/2012,5.09,8:27,43:02,0:08:27
Sunday,1/29/2012,5.22,8:35,44:49,0:08:35
Sunday,2/19/2012,5.17,8:35,44:24,0:08:35
Sunday,2/26/2012,5.21,8:53,46:18,0:08:53
Sunday,3/4/2012,5.06,8:25,42:42,0:08:25
Sunday,3/11/2012,5.11,8:35,43:53,0:08:35
Sunday,3/18/2012,5.04,8:26,42:32,0:08:26
Sunday,3/25/2012,7.51,8:44,1:05:37,0:08:44
Sunday,4/1/2012,5.07,8:21,42:18,0:08:21
Sunday,4/8/2012,5.08,8:36,43:46,0:08:36
Sunday,4/15/2012,5.09,8:45,44:32,0:08:45
Sunday,4/22/2012,5.17,8:25,43:44,0:08:25
Saturday,4/28/2012,5.47,8:42,47:38,0:08:42
Sunday,5/6/2012,5.09,8:22,42:38,0:08:22
Saturday,5/12/2012,5.06,8:13,41:36,0:08:13
Sunday,5/27/2012,5.94,10:06,1:00:01,0:10:06
Sunday,6/10/2012,5.06,8:51,44:50,0:08:51
Sunday,6/17/2012,5.07,8:12,41:41,0:08:12
Sunday,7/1/2012,5.03,8:43,43:53,0:08:43
Sunday,7/8/2012,4.96,8:50,43:53,0:08:50
Sunday,7/15/2012,5,8:43,43:37,0:08:43
Sunday,7/22/2012,4.98,8:04,40:13,0:08:04
Sunday,7/29/2012,5.1,8:25,43:00,0:08:25
Sunday,8/5/2012,6.03,8:49,53:13,0:08:49
Sunday,8/12/2012,7.13,8:59,1:04:01,0:08:59
Sunday,8/19/2012,5.19,8:34,44:29,0:08:34
Thursday,8/23/2012,5.86,9:42,56:53,0:09:42
Sunday,8/26/2012,9.15,9:43,1:29:00,0:09:43
Monday,9/3/2012,4.93,9:07,44:55,0:09:07
Sunday,9/16/2012,5.09,8:15,42:01,0:08:15
Sunday,9/23/2012,5,8:27,42:17,0:08:27
Sunday,9/30/2012,5,8:22,41:52,0:08:22
Sunday,10/7/2012,5.01,8:51,44:25,0:08:51
Sunday,10/21/2012,5,8:18,41:32,0:08:18
Sunday,10/28/2012,5.01,8:43,43:46,0:08:43
Sunday,11/4/2012,5.01,8:11,41:04,0:08:11
Sunday,11/11/2012,5.03,8:50,44:24,0:08:50
Friday,11/23/2012,5.03,9:05,45:44,0:09:05
Sunday,12/2/2012,5.02,8:29,42:36,0:08:29
Sunday,12/16/2012,4.01,8:24,33:42,0:08:24
Thursday,12/20/2012,3,7:51,23:37,0:07:51
Tuesday,12/25/2012,5.05,8:23,42:20,0:08:23
Sunday,1/6/2013,5.01,8:33,42:52,0:08:33
Sunday,1/13/2013,5.01,8:26,42:17,0:08:26
Sunday,1/20/2013,5.03,8:47,44:13,0:08:47
Sunday,2/17/2013,5.01,8:43,43:44,0:08:43
Sunday,2/24/2013,5.04,8:24,42:22,0:08:24
Sunday,3/24/2013,5.03,8:47,44:14,0:08:47
Sunday,3/31/2013,5.02,8:42,43:38,0:08:42
Sunday,4/14/2013,5,8:54,44:34,0:08:54
Tuesday,4/23/2013,4.01,9:03,36:18,0:09:03
Sunday,5/5/2013,5,8:16,41.24,0:08:16
Monday,5/13/2013,4.46,7:42,34:22,0:07:42
Friday,5/17/2013,3.01,9:11,27:41,0:09:11
Monday,5/27/2013,5,8:14,41:13,0:08:14
Sunday,6/2/2013,5.03,9:08,45:56,0:09:08
Sunday,6/23/2013,5.02,9:08,45:55,0:09:08
Sunday,6/30/2013,5,9:13,46:04,0:09:13
Sunday,7/14/2013,5.01,8:57,44:52,0:08:57
Sunday,8/4/2013,5.02,9:04,45:34,0:09:04
Sunday,8/11/2013,5.03,9:08,45:57,0:09:08
Sunday,8/18/2013,5.01,7:56,39:50,0:07:56
Friday,8/23/2013,4.57,13:41,1:02:33,0:13:41
Sunday,8/25/2013,5.01,9:13,46:10,0:09:13
Sunday,9/1/2013,5,9:00,45:02,0:09:00
Sunday,9/8/2013,5.02,9:02,45:22,0:09:02
Sunday,9/15/2013,5.03,8:45,44:01,0:08:45
Sunday,9/22/2013,5.04,8:59,45:17,0:08:59
Sunday,10/13/2013,1.26,8:23,10:36,0:08:23
Sunday,11/3/2013,5,9:01,45:06,0:09:01
Sunday,11/10/2013,5.03,9:00,45:18,0:09:00
Sunday,11/17/2013,5.02,8:59,45:08,0:08:59
Sunday,12/1/2013,5.02,8:48,44:12,0:08:48
Sunday,12/22/2013,5.03,8:53,44:44,0:08:53
Sunday,1/12/2014,5.02,9:09,45:53,0:09:09
Monday,2/3/2014,3.01,9:06,27:27,0:09:06
Thursday,2/6/2014,3.02,9:35,28:58,0:09:35
Sunday,3/9/2014,5,8:28,42:21,0:08:28
Sunday,3/23/2014,5,9:04,45:21,0:09:04
Sunday,3/30/2014,2.93,8:22,24:32,0:08:22
Sunday,4/6/2014,5.02,9:02,45.21,0:09:02
Sunday,4/13/2014,5.05,9:15,46:59,0:09:15
Sunday,4/27/2014,5.02,8:50,44:21,0:08:50
Sunday,5/11/2014,6.51,9:13,1:00:02,0:09:13
Sunday,5/18/2014,6.5,8:58,58:19,0:08:58
Sunday,5/25/2014,6.51,9:09,59:32,0:09:09
Sunday,6/1/2014,6.5,9:02,58:49,0:09:02
Sunday,6/8/2014,6.5,8:59,58:25,0:08:59
Sunday,6/15/2014,6.5,8:59,58:28,0:08:59
Sunday,6/22/2014,6.53,9:09,59:49,0:09:09
Sunday,6/29/2014,6.5,9:13,1:00:01,0:09:13
Sunday,7/6/2014,6.54,8:56,58:29,0:08:56
Saturday,8/2/2014,6.5,9:06,59:13,0:09:06
Sunday,8/10/2014,6.5,9:00,58:31,0:09:00
Sunday,8/17/2014,6.5,9:15,1:00:09,0:09:15
Sunday,8/24/2014,6.5,8:46,57:01,0:08:46
Saturday,8/30/2014,6.51,8:57,58:20,0:08:57
Friday,9/5/2014,5,8:59,44:55,0:08:59
Sunday,9/21/2014,5,9:02,45:13,0:09:02
Sunday,9/28/2014,5.04,8:29,42:48,0:08:29
Sunday,10/12/2014,5.05,8:29,42:53,0:08:29
Sunday,10/19/2014,5.02,8:48,44:13,0:08:48
Sunday,10/26/2014,5.03,8:33,43:02,0:08:33
Sunday,11/2/2014,5,8:33,42:50,0:08:33
Sunday,11/9/2014,5.01,8:46,43:54,0:08:46
Sunday,11/16/2014,5,9:02,45:12,0:09:02
Sunday,11/23/2014,5.01,8:58,45:00,0:08:58
Sunday,11/30/2014,5,8:47,43:56,0:08:47
Sunday,12/21/2014,5.01,8:32,42:48,0:08:32
Thursday,12/25/2014,5.03,8:23,42:13,0:08:23
Wednesday,12/31/2014,5.02,8:47,44:11,0:08:47
Sunday,1/4/2015,5.03,8:50,44:27,0:08:50
Sunday,1/11/2015,5,8:35,42:58,0:08:35
Sunday,1/25/2015,5.02,8:26,42:22,0:08:26
Sunday,2/8/2015,5.02,8:31,42:48,0:08:31
Saturday,2/14/2015,5,8:25,42:06,0:08:25
Sunday,2/22/2015,5.02,8:12,41:14,0:08:12
Sunday,3/1/2015,5.01,8:13,41:08,0:08:13
Sunday,3/15/2015,5.03,8:38,43:23,0:08:38
Sunday,3/22/2015,5.02,8:32,42:51,0:08:32
Wednesday,3/25/2015,3.01,8:56,26:57,0:08:56
Sunday,3/29/2015,5.01,8:30,42:39,0:08:30
Sunday,4/5/2015,7.12,8:36,1:01:14,0:08:36
Sunday,4/12/2015,7.15,8:38,1:01:45,0:08:38
Sunday,4/19/2015,7.23,8:31,1:01:33,0:08:31
Sunday,4/26/2015,5.01,8:45,43:53,0:08:45
Sunday,5/3/2015,7.31,8:49,1:04:27,0:08:49
Sunday,5/10/2015,7.15,8:32,1:01:05,0:08:32
Sunday,5/17/2015,7.21,8:37,1:02:06,0:08:37
Sunday,5/24/2015,6,8:35,51:32,0:08:35
Sunday,5/31/2015,7.28,8:52,1:04:40,0:08:52
Wednesday,6/3/2015,5,8:25,42:06,0:08:25
Sunday,6/7/2015,6.01,8:29,51:02,0:08:29
Sunday,6/14/2015,6.25,8:52,55:26,0:08:52
Sunday,6/21/2015,6.02,8:26,50:45,0:08:26
Friday,6/26/2015,7.3,8:38,1:03:07,0:08:38
Wednesday,7/1/2015,5.04,8:22,42:11,0:08:22
Sunday,7/5/2015,6.09,8:23,51:04,0:08:23
Sunday,7/12/2015,6.03,8:24,50:42,0:08:24
Thursday,7/16/2015,5.02,8:01,40:21,0:08:01
Friday,7/17/2015,5.01,8:21,41:49,0:08:21
Sunday,7/19/2015,6.02,8:42,52:24,0:08:42
Sunday,7/26/2015,6.18,9:17,57:26,0:09:17
Sunday,8/2/2015,5.01,8:11,41:02,0:08:11
Wednesday,8/5/2015,7.51,8:53,1:06:44,0:08:53
Thursday,8/6/2015,5.02,8:49,44:20,0:08:49
Sunday,8/9/2015,6,8:38,51:48,0:08:38
Sunday,8/16/2015,6.04,8:38,52:09,0:08:38
Sunday,8/23/2015,6.08,8:23,51:01,0:08:23
Sunday,8/30/2015,6,8:47,52:47,0:08:47
Sunday,9/6/2015,6,8:31,51:07,0:08:31
Sunday,9/13/2015,6,8:36,51:39,0:08:36
Sunday,9/27/2015,6.02,8:29,51:08,0:08:29
Sunday,10/4/2015,6.02,8:33,51:27,0:08:33
Sunday,10/18/2015,5,8:13,41:07,0:08:13
Sunday,10/25/2015,6.02,8:28,51:01,0:08:28
Sunday,11/1/2015,6.02,8:31,51:19,0:08:31
Sunday,11/8/2015,6,8:31,51:13,0:08:31
Sunday,11/22/2015,6.01,8:07,48:51,0:08:07
Thursday,11/26/2015,6.02,8:32,51:28,0:08:32
Sunday,12/6/2015,6,8:25,50:33,0:08:25
Sunday,12/13/2015,6.01,8:20,50:06,0:08:20
Wednesday,12/23/2015,6,8:42,52:14,0:08:42
Friday,12/25/2015,4.95,8:34,42:23,0:08:34
Sunday,12/27/2015,6.01,8:16,49:43,0:08:16
Sunday,1/3/2016,6,8:22,50:17,0:08:22
Sunday,1/10/2016,6.03,8:27,51:01,0:08:27
Sunday,1/17/2016,6.03,8:31,51:24,0:08:31
Sunday,2/7/2016,3.03,7:54,23:59,0:07:54
Sunday,2/14/2016,5.02,8:01,40:18,0:08:01
Tuesday,2/16/2016,2.83,8:06,22:58,0:08:06
Thursday,2/18/2016,3,8:34,25:47,0:08:34
Saturday,2/20/2016,6.02,8:06,48:44,0:08:06
Sunday,2/28/2016,6,8:33,51:21,0:08:33
Sunday,3/6/2016,6.01,8:28,50:56,0:08:28
Sunday,3/13/2016,6,8:22,50:13,0:08:22
Sunday,3/27/2016,6,8:35,51:32,0:08:35
Friday,4/8/2016,5,8:24,42:02,0:08:24
Sunday,4/17/2016,6,8:22,50:12,0:08:22
Sunday,4/24/2016,7.25,8:37,1:02:33,0:08:37
Wednesday,4/27/2016,5,8:34,42:54,0:08:34
Saturday,5/7/2016,6,8:37,51:46,0:08:37
Sunday,5/15/2016,6.5,8:27,54:57,0:08:27
Thursday,5/19/2016,3.96,9:00,35:42,0:09:00
Saturday,5/21/2016,6,8:50,52:58,0:08:50
Saturday,5/28/2016,6.25,8:33,53:25,0:08:33
Thursday,6/2/2016,5,8:23,41:55,0:08:23
Sunday,6/12/2016,6.25,8:52,55:28,0:08:52
Saturday,6/18/2016,6.25,8:37,53:52,0:08:37
Friday,6/24/2016,5.76,8:30,48:57,0:08:30
Sunday,7/3/2016,6,8:34,51:22,0:08:34
Friday,7/8/2016,5,8:45,43:49,0:08:45
Sunday,7/10/2016,5,8:32,42:43,0:08:32
Tuesday,7/12/2016,5,8:59,44:54,0:08:59
Thursday,7/14/2016,5,9:05,45:27,0:09:05
Sunday,7/24/2016,4,9:40,38:42,0:09:40
Wednesday,7/27/2016,4.56,8:46,40:02,0:08:46
Sunday,7/31/2016,5,9:01,45:06,0:09:01
Saturday,8/6/2016,5.75,15:50,1:31:12,0:15:50
Sunday,8/14/2016,6,8:59,53:56,0:08:59
Sunday,8/21/2016,6.02,8:47,52:56,0:08:47
Saturday,8/27/2016,5.61,11:13,1:02:59,0:11:13
Sunday,9/4/2016,5.11,8:41,44:23,0:08:41
Saturday,9/10/2016,5.99,8:55,53:28,0:08:55
Saturday,9/17/2016,6.05,8:44,52:53,0:08:44
Sunday,9/25/2016,6.5,8:29,55:09,0:08:29
Sunday,10/2/2016,5.99,8:50,52:57,0:08:50
Sunday,10/9/2016,5.99,8:51,53:06,0:08:51
Sunday,10/16/2016,6.01,8:39,51:59,0:08:39
Sunday,10/30/2016,6,8:53,53:22,0:08:53
Saturday,11/5/2016,5,8:25,42:08,0:08:25
Sunday,11/20/2016,5,8:29,42:29,0:08:29
Sunday,11/27/2016,5,8:21,41:46,0:08:21
Sunday,12/4/2016,6,8:37,51:43,0:08:37
Wednesday,12/14/2016,3.04,8:53,27:03,0:08:53
Friday,12/23/2016,5,8:41,43:27,0:08:41
Sunday,1/1/2017,5,8:05,44:11,0:08:50
Sunday,1/15/2017,5,8:39,43:15,0:08:39
Sunday,1/22/2017,5.01,8:39,43:26,0:08:39
Sunday,1/29/2017,5.01,8:40,43:25,0:08:40
Sunday,2/5/2017,5,8:32,42:41,0:08:32
Saturday,2/18/2017,5,8:47,43:57,0:08:47
Thursday,2/23/2017,4.98,9:03,45:05,0:09:03
Sunday,2/26/2017,5,8:42,43:32,0:08:42
Wednesday,3/1/2017,5,8:44,43:39,0:08:44
Sunday,3/12/2017,5.01,8:45,43:52,0:08:45
Sunday,3/19/2017,5.08,8:37,43:51,0:08:37
Sunday,4/2/2017,5,8:35,42:58,0:08:35
Wednesday,4/5/2017,4.5,8:39,38:56,0:08:39
Sunday,4/9/2017,5,8:23,41:58,0:08:23
Thursday,4/13/2017,5.03,8:40,43:39,0:08:40
Sunday,4/16/2017,5.01,8:48,44:08,0:08:48
Wednesday,4/19/2017,4.51,8:47,39:35,0:08:47
Thursday,4/20/2017,4.5,8:35,38:38,0:08:35
Friday,4/21/2017,4.5,8:21,37:35,0:08:21
Saturday,4/22/2017,3.3,8:19,27:31,0:08:19
Sunday,4/23/2017,3.3,8:24,27:44,0:08:24
Monday,4/24/2017,4.5,8:38,38:55,0:08:38
Thursday,4/27/2017,3.3,8:20,27:31,0:08:20
Sunday,5/14/2017,5,8:35,42:55,0:08:35
Thursday,5/18/2017,3.5,8:18,29:05,0:08:18
Monday,5/22/2017,4.98,8:27,42:10,0:08:27
Wednesday,5/31/2017,3.52,8:19,29:19,0:08:19
Sunday,6/4/2017,4.75,8:40,41:14,0:08:40
Wednesday,6/7/2017,3.51,8:30,29:52,0:08:30
Thursday,6/8/2017,3.54,8:16,29:16,0:08:16
Saturday,6/10/2017,4.66,8:37,40:11,0:08:37
Tuesday,6/13/2017,3.51,8:26,29:37,0:08:26
Thursday,6/15/2017,5.01,8:17,41:32,0:08:17
Tuesday,6/20/2017,4.01,8:43,34:56,0:08:43
Sunday,6/25/2017,7.25,8:41,1:02:56,0:08:41
Tuesday,6/27/2017,3.59,9:03,32:30,0:09:03
Sunday,7/2/2017,4.72,9:04,42:51,0:09:04
Tuesday,7/4/2017,3.2,7:31,24:04,0:07:31
Sunday,7/9/2017,6.5,8:33,55:40,0:08:33
Tuesday,7/11/2017,5,8:37,43:08,0:08:37
Thursday,7/13/2017,5,8:37,43:08,0:08:37
Saturday,7/15/2017,3.18,8:04,25:39,0:08:04
Monday,7/24/2017,3.53,8:42,30:46,0:08:42
Wednesday,7/26/2017,5,8:50,44:10,0:08:50
Friday,7/28/2017,5,9:06,45:31,0:09:06
Tuesday,8/1/2017,3.5,8:44,30:40,0:08:44
Sunday,8/6/2017,7.25,8:49,1:03:59,0:08:49
Sunday,8/13/2017,7.23,8:59,1:04:58,0:08:59
Thursday,8/17/2017,3.55,8:24,29:48,0:08:24
Friday,8/25/2017,5.01,8:44,43:47,0:08:44
Sunday,8/27/2017,8.77,10:51,1:35:06,0:10:51
Friday,9/1/2017,5,8:40,43:19,0:08:40
Friday,9/8/2017,5,8:47,43:58,0:08:47
Sunday,9/10/2017,2.52,9:09,23:07,0:09:09
Friday,9/15/2017,3.3,8:18,27:26,0:08:18
Sunday,9/17/2017,4.92,8:59,44:14,0:08:59
Thursday,9/21/2017,5,8:43,43:40,0:08:43
Saturday,9/23/2017,4.92,8:30,41:52,0:08:30
Tuesday,9/26/2017,5.01,8:35,42:59,0:08:35
Saturday,9/30/2017,5.05,8:18,41:54,0:08:18
Sunday,10/8/2017,7.17,8:52,1:03:36,0:08:52
Wednesday,10/11/2017,4.98,8:29,42:16,0:08:29
Saturday,10/21/2017,4.82,8:26,40:42,0:08:26
Saturday,10/28/2017,4.9,8:33,42:34,0:08:33
Tuesday,10/31/2017,4.9,8:27,42:00,0:08:27
Saturday,11/4/2017,4.9,8:23,41:47,0:08:23
Wednesday,11/8/2017,4.9,8:26,42:09,0:08:26
Sunday,11/12/2017,4.9,8:23,41:47,0:08:23
Wednesday,11/15/2017,4.9,8:21,41:42,0:08:21
Tuesday,11/21/2017,4.9,8:28,42:11,0:08:28
Friday,11/24/2017,5,8:23,41:57,0:08:23
Monday,11/27/2017,4.9,8:22,41:46,0:08:22
Saturday,12/2/2017,4.9,8:20,41:33,0:08:20
Monday,12/18/2017,5.02,8:20,41:50,0:08:20
Thursday,12/21/2017,5,8:21,41:51,0:08:21
Tuesday,12/26/2017,5,8:25,42:04,0:08:25
Tuesday,1/2/2018,3.5,8:34,30:00,0:08:34
Sunday,1/14/2018,4.83,8:39,41:44,0:08:39
Monday,1/22/2018,3.52,8:18,29:11,0:08:18
Saturday,1/27/2018,5,8:14,41:11,0:08:14
Thursday,2/1/2018,3.51,8:09,28:34,0:08:09
Saturday,2/10/2018,6,8:12,49:13,0:08:12
Monday,2/12/2018,3.5,8:02,28:06,0:08:02
Friday,2/16/2018,5,8:20,41:39,0:08:20
Wednesday,2/21/2018,5.01,8:26,42:14,0:08:26
Saturday,2/24/2018,5.01,8:16,41:21,0:08:16
Tuesday,2/27/2018,5.03,8:09,40:55,0:08:09
Saturday,3/4/2018,3.3,8:09,26:51,0:08:09
Saturday,3/10/2018,3.47,8:20,28:58,0:08:20
Tuesday,3/13/2018,4.98,8:19,41:22,0:08:19
Sunday,3/18/2018,5.01,8:20,41:42,0:08:20
Tuesday,3/20/2018,3.5,8:23,29:16,0:08:23
Monday,3/26/2018,5,8:18,41:31,0:08:18
Wednesday,4/4/2018,3.49,8:14,28:44,0:08:14
Saturday,4/7/2018,3.52,8:39,30:28,0:08:39
Friday,4/13/2018,5,8:42,43:32,0:08:42
Wednesday,4/18/2018,3.51,8:09,28:36,0:08:09
Sunday,4/22/2018,4.98,8:30,42:18,0:08:30
Thursday,4/26/2018,3.54,8:12,29:04,0:08:12
Saturday,4/28/2018,4.98,8:27,42:02,0:08:27
Thursday,5/3/2018,3.5,8:24,29:21,0:08:24
Monday,5/7/2018,4.95,8:37,42:38,0:08:37
Friday,5/11/2018,3.51,8:13,28:48,0:08:13
Thursday,5/17/2018,3.51,8:28,29:41,0:08:28
Sunday,5/20/2018,4.97,8:54,44:15,0:08:54
Monday,5/28/2018,3.5,8:33,29:53,0:08:33
Monday,6/4/2018,4.96,8:39,42:55,0:08:39
Friday,6/8/2018,4.97,8:39,42:56,0:08:39
Monday,6/11/2018,3.51,8:28,29:41,0:08:28
Friday,6/15/2018,3.65,8:33,31:16,0:08:33
Thursday,6/21/2018,5,8:37,43:01,0:08:37
Wednesday,7/4/2018,4.97,8:50,43:56,0:08:50
Sunday,7/8/2018,4.98,8:36,42:50,0:08:36
Wednesday,7/11/2018,3.5,8:43,30:29,0:08:43
Friday,7/13/2018,6,8:50,53:00,0:08:50
Tuesday,7/17/2018,4.99,8:42,43:21,0:08:42
Saturday,7/21/2018,5,8:54,53:00,0:08:54
Friday,7/27/2018,4.95,8:40,42:53,0:08:40
Thursday,8/2/2018,5.02,8:43,43:41,0:08:43
Tuesday,8/7/2018,3.52,8:46,30:49,0:08:46
Thursday,8/9/2018,3.51,8:38,30:16,0:08:38
Sunday,8/12/2018,5,8:47,43:54,0:08:47
Saturday,8/18/2018,4.96,8:39,42:52,0:08:39
Thursday,8/23/2018,4.99,8:33,42:38,0:08:33
Saturday,8/25/2018,8.96,10:52,1:37:18,0:10:52
Wednesday,8/29/2018,3.46,9:02,31:17,0:09:02
Saturday,9/1/2018,4.92,9:05,44:39,0:09:05
Wednesday,9/5/2018,3.51,8:41,30:28,0:08:41
Saturday,9/8/2018,9:50,8:50,56:34,0:08:50
Wednesday,9/12/2018,3.5,8:35,30:02,0:08:35
Saturday,9/15/2018,6.44,8:49,56:47,0:08:49
Wednesday,9/19/2018,3.5,8:39,30:16,0:08:39
Saturday,9/22/2018,4.98,8:48,43:49,0:08:48
Thursday,9/27/2018,3.48,8:41,30:10,0:08:41
Monday,10/1/2018,4.98,8:47,43:40,0:08:47
Saturday,10/6/2018,4.99,8:42,43:25,0:08:42
Wednesday,10/10/2018,3.48,8:44,30:20,0:08:44
Sunday,10/14/2018,4.95,8:44,43:13,0:08:44
Wednesday,10/17/2018,3.45,8:32,29:26,0:08:32
Sunday,10/21/2018,5,8:37,43:02,0:08:37
Monday,10/29/2018,3.51,8:42,30:34,0:08:42
Wednesday,11/7/2018,3.84,8:40,33:17,0:08:40
Thursday,11/15/2018,3.31,10:16,33:56,0:10:16
Tuesday,11/20/2018,3.51,8:17,29:02,0:08:17
Sunday,11/25/2018,4.98,8:26,41:58,0:08:26
Monday,12/10/2018,3.51,8:22,29:23,0:08:22
Friday,12/14/2018,5.02,8:31,42:45,0:08:31
Friday,12/21/2018,3.5,8:35,30:03,0:08:35
Saturday,12/29/2018,4.97,8:23,41:41,0:08:23